/wiki/Portal:Artificial_intelligence,Artificial intelligence portal
/wiki/Abductive_reasoning,Abductive reasoning
/wiki/A.I._Rising,A.I. Rising
/wiki/Behavior_selection_algorithm,Behavior selection algorithm
/wiki/Business_process_automation,Business process automation
/wiki/Case-based_reasoning,Case-based reasoning
/wiki/Commonsense_reasoning,Commonsense reasoning
/wiki/Emergent_algorithm,Emergent algorithm
/wiki/Evolutionary_computation,Evolutionary computation
/wiki/Glossary_of_artificial_intelligence,Glossary of artificial intelligence
/wiki/Machine_learning,Machine learning
/wiki/Mathematical_optimization,Mathematical optimization
/wiki/Multi-agent_system,Multi-agent system
/wiki/Robotic_process_automation,Robotic process automation
/wiki/Soft_computing,Soft computing
/wiki/Weak_AI,Weak AI
/wiki/Personality_computing,Personality computing
